code,name,descr
AR,Argentina,República Argentina
AU,Australia,Commonwealth of Australia
AT,Austria,República de Austria
BE,Bélgica,Reino de Bélgica
BO,Bolivia,Estado Plurinacional de Bolivia
BR,Brasil,República Federativa del Brasil
CA,Canadá,Canadá
CL,Chile,República de Chile
CN,China,República Popular China
CO,Colombia,República de Colombia
CR,Costa Rica,República de Costa Rica
CU,Cuba,República de Cuba
DE,Alemania,República Federal de Alemania
DK,Dinamarca,Reino de Dinamarca
DO,República Dominicana,República Dominicana
EC,Ecuador,República del Ecuador
EG,Egipto,República Árabe de Egipto
ES,España,Reino de España
FI,Finlandia,República de Finlandia
FR,Francia,República Francesa
GB,Reino Unido,Reino Unido de Gran Bretaña e Irlanda del Norte
GR,Grecia,República Helénica
IE,Irlanda,República de Irlanda
IL,Israel,Estado de Israel
IN,India,República de la India
IT,Italia,República Italiana
JP,Japón,Estado del Japón
KR,Corea del Sur,República de Corea
MX,México,Estados Unidos Mexicanos
NL,Países Bajos,Reino de los Países Bajos
NO,Noruega,Reino de Noruega
NZ,Nueva Zelanda,Nueva Zelanda
PA,Panamá,República de Panamá
PE,Perú,República del Perú
PL,Polonia,República de Polonia
PR,Puerto Rico,Estado Libre Asociado de Puerto Rico
PT,Portugal,República Portuguesa
PY,Paraguay,República del Paraguay
SE,Suecia,Reino de Suecia
US,Estados Unidos,Estados Unidos de América
UY,Uruguay,República Oriental del Uruguay
VE,Venezuela,República Bolivariana de Venezuela
ZA,Sudáfrica,República de Sudáfrica
