code,locale,name,descr
AR,es,Argentina,República Argentina
AU,es,Australia,Commonwealth of Australia
AT,es,Austria,República de Austria
BE,es,Bélgica,Reino de Bélgica
BO,es,Bolivia,Estado Plurinacional de Bolivia
BR,es,Brasil,República Federativa del Brasil
CA,es,Canadá,Canadá
CL,es,Chile,República de Chile
CN,es,China,República Popular China
CO,es,Colombia,República de Colombia
CR,es,Costa Rica,República de Costa Rica
CU,es,Cuba,República de Cuba
DE,es,Alemania,República Federal de Alemania
DK,es,Dinamarca,Reino de Dinamarca
DO,es,República Dominicana,República Dominicana
EC,es,Ecuador,República del Ecuador
EG,es,Egipto,República Árabe de Egipto
ES,es,España,Reino de España
FI,es,Finlandia,República de Finlandia
FR,es,Francia,República Francesa
GB,es,Reino Unido,Reino Unido de Gran Bretaña e Irlanda del Norte
GR,es,Grecia,República Helénica
IE,es,Irlanda,República de Irlanda
IL,es,Israel,Estado de Israel
IN,es,India,República de la India
IT,es,Italia,República Italiana
JP,es,Japón,Estado del Japón
KR,es,Corea del Sur,República de Corea
MX,es,México,Estados Unidos Mexicanos
NL,es,Países Bajos,Reino de los Países Bajos
NO,es,Noruega,Reino de Noruega
NZ,es,Nueva Zelanda,Nueva Zelanda
PA,es,Panamá,República de Panamá
PE,es,Perú,República del Perú
PL,es,Polonia,República de Polonia
PR,es,Puerto Rico,Estado Libre Asociado de Puerto Rico
PT,es,Portugal,República Portuguesa
PY,es,Paraguay,República del Paraguay
SE,es,Suecia,Reino de Suecia
US,es,Estados Unidos,Estados Unidos de América
UY,es,Uruguay,República Oriental del Uruguay
VE,es,Venezuela,República Bolivariana de Venezuela
ZA,es,Sudáfrica,República de Sudáfrica
AR,en,Argentina,Argentine Republic
AU,en,Australia,Commonwealth of Australia
AT,en,Austria,Republic of Austria
BE,en,Belgium,Kingdom of Belgium
BO,en,Bolivia,Plurinational State of Bolivia
BR,en,Brazil,Federative Republic of Brazil
CA,en,Canada,Canada
CL,en,Chile,Republic of Chile
CN,en,China,People's Republic of China
CO,en,Colombia,Republic of Colombia
CR,en,Costa Rica,Republic of Costa Rica
CU,en,Cuba,Republic of Cuba
DE,en,Germany,Federal Republic of Germany
DK,en,Denmark,Kingdom of Denmark
DO,en,Dominican Republic,Dominican Republic
EC,en,Ecuador,Republic of Ecuador
EG,en,Egypt,Arab Republic of Egypt
ES,en,Spain,Kingdom of Spain
FI,en,Finland,Republic of Finland
FR,en,France,French Republic
GB,en,United Kingdom,United Kingdom of Great Britain and Northern Ireland
GR,en,Greece,Hellenic Republic
IE,en,Ireland,Republic of Ireland
IL,en,Israel,State of Israel
IN,en,India,Republic of India
IT,en,Italy,Italian Republic
JP,en,Japan,State of Japan
KR,en,South Korea,Republic of Korea
MX,en,Mexico,United Mexican States
NL,en,Netherlands,Kingdom of the Netherlands
NO,en,Norway,Kingdom of Norway
NZ,en,New Zealand,New Zealand
PA,en,Panama,Republic of Panama
PE,en,Peru,Republic of Peru
PL,en,Poland,Republic of Poland
PR,en,Puerto Rico,Commonwealth of Puerto Rico
PT,en,Portugal,Portuguese Republic
PY,en,Paraguay,Republic of Paraguay
SE,en,Sweden,Kingdom of Sweden
US,en,United States,United States of America
UY,en,Uruguay,Oriental Republic of Uruguay
VE,en,Venezuela,Bolivarian Republic of Venezuela
ZA,en,South Africa,Republic of South Africa

